"grid","resolution","cells","all_cells","offset_km_median","offset_km_max","offset_over_spacing_max","spacing_km"
"ISEA3H",3,272,TRUE,4.40863840353595,72.415374109494,0.048928470468361,1480.02529848793
"ISEA3H",6,7292,TRUE,0.289962419219088,16.4012663930159,0.0573656782072512,285.907303906724
"ISEA3H",9,19080,FALSE,0.00876456706685401,3.29663026933311,0.0599133237771982,55.0233247214327
"ISEA3H",12,19963,FALSE,0.000315890414851196,0.627162553764146,0.0592384005882332,10.5870946469936
"ISEA4H",2,162,TRUE,1.94017851546539,57.8487484123436,0.0302258426218544,1913.88372976298
"ISEA4H",4,2562,TRUE,0.93270076979754,26.793735526247,0.0555861543112018,482.021752687565
"ISEA4H",6,15828,FALSE,0.0455332954968081,7.08381741424098,0.0587704053065692,120.533751252676
"ISEA4H",8,19660,FALSE,0.00261616859231282,1.7891257043131,0.0593436631575859,30.1485551972435
"ISEA7H",2,492,TRUE,3.25564711066827,52.7841682402081,0.0480428782097363,1098.68871739477
"ISEA7H",3,3432,TRUE,0.509615033065876,22.3024580250443,0.0535489570333621,416.487253171886
"ISEA7H",4,13518,FALSE,0.0819046731215416,9.20636919130776,0.0584829067199943,157.419829273983
"ISEA7H",5,18873,FALSE,0.0103363542895665,3.53648449540445,0.0594068196999889,59.5299413983797
"ISEA7H",7,19977,FALSE,0.000208814197177024,0.51043599424408,0.0600059838583072,8.50641821737943
"FULLER7H",3,3432,TRUE,0.481410590841931,14.1533991660885,0.0340599646274898,415.543566203979
"FULLER7H",5,18871,FALSE,0.00955363738858198,2.58944018022232,0.043591622467386,59.4022436801857
