"dggrs","level","n_zones","n_hexify_cells","n_cells_hit","max_centre_gap_m","text_equal","uint64_equal","text_read_back","uint64_read_back"
"ISEA3H",0,12,12,12,1.42310042290325e-08,12,12,12,12
"ISEA3H",1,32,32,32,1.42310042290325e-08,32,32,32,32
"ISEA3H",2,92,92,92,1.43247590762712e-08,92,92,92,92
"ISEA3H",3,272,272,272,1.93681727736444e-08,272,272,272,272
"ISEA3H",4,812,812,812,2.04368080173939e-08,812,812,812,812
"ISEA3H",5,2432,2432,2432,2.10151706823188e-08,2432,2432,2432,2432
"ISEA3H",6,7292,7292,7292,2.29339056377097e-08,7292,7292,7292,7292
"ISEA3H",7,21872,21872,21872,2.29339056377097e-08,21872,21872,21872,21872
"ISEA3H",8,65612,65612,65612,2.36891127720799e-08,65612,65612,65612,65612
"ISEA3H",9,196832,196832,196832,2.98415480570075e-08,196832,196832,196832,196832
"ISEA3H",10,590492,590492,590492,2.52914557370157e-08,590492,590492,590492,590492
"IVEA3H",0,12,12,12,1.50644642344821e-08,12,12,12,12
"IVEA3H",1,32,32,32,1.50644642344821e-08,32,32,32,32
"IVEA3H",2,92,92,92,1.65258477705308e-08,92,92,92,92
"IVEA3H",3,272,272,272,2.24101845448197e-08,272,272,272,272
"IVEA3H",4,812,812,812,2.54678355968443e-08,812,812,812,812
"IVEA3H",5,2432,2432,2432,2.62202582639153e-08,2432,2432,2432,2432
"IVEA3H",6,7292,7292,7292,2.46902613854581e-08,7292,7292,7292,7292
"IVEA3H",7,21872,21872,21872,2.60042877260071e-08,21872,21872,21872,21872
"IVEA3H",8,65612,65612,65612,2.64152861114737e-08,65612,65612,65612,65612
"IVEA3H",9,196832,196832,196832,3.07270202489119e-08,196832,196832,196832,196832
"IVEA3H",10,590492,590492,590492,2.68730614879881e-08,590492,590492,590492,590492
"ISEA7H",0,12,12,12,1.42310042290325e-08,12,12,12,12
"ISEA7H",1,72,72,72,1.51017759302475e-08,72,72,72,72
"ISEA7H",2,492,492,492,1.92254923491518e-08,492,492,492,492
"ISEA7H",3,3432,3432,3432,2.47401696806414e-08,3432,3432,3432,3432
"ISEA7H",4,24012,24012,24012,2.17888146229062e-08,24012,24012,24012,24012
"ISEA7H",5,168072,168072,168072,2.55162051611858e-08,168072,168072,168072,168072
"IVEA7H",0,12,12,12,1.50644642344821e-08,12,12,12,12
"IVEA7H",1,72,72,72,1.55701679881467e-08,72,72,72,72
"IVEA7H",2,492,492,492,1.97872504043438e-08,492,492,492,492
"IVEA7H",3,3432,3432,3432,2.36967518182233e-08,3432,3432,3432,3432
"IVEA7H",4,24012,24012,24012,2.44805375300933e-08,24012,24012,24012,24012
"IVEA7H",5,168072,168072,168072,2.71354871727333e-08,168072,168072,168072,168072
