"dggrs","projection","aperture","resolution","n_zones","n_hexify_cells","n_cells_hit","max_centre_gap_m","median_centre_gap_m","max_corner_gap_m","median_corner_gap_m","n_vertex_count_differs"
"ISEA3H","isea",3,1,32,32,32,1.69402611281804e-08,9.25913025916523e-09,4.10859477928839e-08,1.33245279712194e-08,0
"ISEA3H","isea",3,2,92,92,92,3.79307728369224e-08,9.29822305797855e-09,2.71141204329683e-08,1.58246471470531e-08,0
"ISEA3H","isea",3,3,272,272,272,3.79307728369224e-08,9.74818439850946e-09,5.84940003483433e-08,1.369790202431e-08,0
"ISEA3H","isea",3,4,812,812,812,5.84940003483433e-08,9.84292720475145e-09,8.4316329413328e-08,1.30927494157312e-08,0
"ISEA3H","isea",3,5,2432,2432,2432,8.4316329413328e-08,9.58148112324008e-09,1.07471440749561e-07,1.28785941960601e-08,0
"ISEA3H","isea",3,6,7292,7292,7292,1.07456030895129e-07,9.75514141273783e-09,2.73540706799035e-07,1.26000211218158e-08,0
"ISEA3H","isea",3,7,21872,21872,21872,2.73480325365581e-07,9.65174226294048e-09,2.74970652483336e-07,1.22790113218698e-08,0
"ISEA3H","isea",3,8,65612,65612,65612,2.74954290992127e-07,9.79628680425977e-09,1.62444463117764e-06,1.32397457791925e-08,0
"IVEA3H","ivea",3,1,32,32,32,1.80825081915369e-08,9.25913025916523e-09,3.01670035233929e-08,1.61471222778196e-08,0
"IVEA3H","ivea",3,2,92,92,92,2.53443083379885e-08,9.25913025916523e-09,4.56455192940687e-08,1.46053278787454e-08,0
"IVEA3H","ivea",3,3,272,272,272,4.5997134979921e-08,9.66657084366217e-09,5.06314733499817e-08,1.40650769677628e-08,0
"IVEA3H","ivea",3,4,812,812,812,5.09431917003426e-08,9.7305380289918e-09,1.44251314850931e-07,1.36373271970373e-08,0
"IVEA3H","ivea",3,5,2432,2432,2432,1.50193110304593e-07,9.66259391879527e-09,2.11760916309245e-07,1.33580611495654e-08,0
"IVEA3H","ivea",3,6,7292,7292,7292,2.11760916309245e-07,9.98638954024218e-09,2.04346999800346e-07,1.30686981725883e-08,0
"IVEA3H","ivea",3,7,21872,21872,21872,2.11760916309245e-07,9.89487121126895e-09,7.20569200056865e-07,1.28983653300028e-08,0
"IVEA3H","ivea",3,8,65612,65612,65612,7.20569200056865e-07,1.00687173076926e-08,8.86542947320917e-07,1.35799928971278e-08,0
"ISEA7H","isea",7,1,72,72,72,3.21845632907774e-08,9.29183515482459e-09,2.73043207373921e-08,1.31528316202588e-08,0
"ISEA7H","isea",7,2,492,492,492,4.35339441938729e-08,9.47533237242743e-09,4.60491426105478e-08,1.308435824247e-08,0
"ISEA7H","isea",7,3,3432,3432,3432,1.02836278870227e-07,9.5300589993224e-09,1.3446364272593e-07,1.27151800149667e-08,0
"ISEA7H","isea",7,4,24012,24012,24012,3.99786650091373e-07,9.50092490886406e-09,5.4840617011253e-07,1.12863698685717e-08,0
"ISEA7H","isea",7,5,168072,168072,168072,7.12712146574423e-07,9.54890479909384e-09,1.66395460527577e-06,1.21880449855641e-08,0
"IVEA7H","ivea",7,1,72,72,72,2.81016774173229e-08,9.02537353106927e-09,4.68401601192274e-08,1.34444353683387e-08,0
"IVEA7H","ivea",7,2,492,492,492,4.31497958179434e-08,9.49240786475725e-09,9.67005305385007e-08,1.30980881172571e-08,0
"IVEA7H","ivea",7,3,3432,3432,3432,5.8968195746601e-08,9.6299941624432e-09,1.31302679667207e-07,1.30683376674147e-08,0
"IVEA7H","ivea",7,4,24012,24012,24012,1.82257146062131e-07,9.71333656719394e-09,4.06244452291264e-07,1.18513254650199e-08,0
"IVEA7H","ivea",7,5,168072,168072,168072,8.56501013283623e-07,9.77098556223775e-09,4.23601845550767e-07,1.26784466758612e-08,0
