"projection","aperture","resolution","cell_area_km2","n_points","n_agree","n_differ","n_centre_cells","max_centre_gap_m","median_centre_gap_m","max_edge_distance_m","n_polygons","max_corner_gap_m","n_corner_gap","n_gap_dggrid_open","n_gap_hexify_closed","max_corner_gap_other_m"
"fuller","3",3,1875241.25633853,200000,200000,0,272,0.00134072743829918,0.000150034131163616,NA,272,0.00147384762416,0,0,0,0.00147384762416
"fuller","3",7,23320.4838023079,200000,200000,0,20000,0.00154691252141654,0.000149497739620486,NA,500,0.00146432942871065,0,0,0,0.00146432942871065
"fuller","3",11,287.933211320348,200000,200000,0,20000,0.00153781961173442,0.000149376159028191,NA,500,0.00129791907202192,0,0,0,0.00129791907202192
"fuller","3",15,3.5547349677199,200000,200000,0,20000,0.00154752183741865,0.000149301638043712,NA,500,0.00127637044930534,0,0,0,0.00127637044930534
"fuller","4",2,3148553.22051901,200000,200000,0,162,0.00130510483589936,0.000149119466172802,NA,162,0.00140315518706923,0,0,0,0.00140315518706923
"fuller","4",5,49801.3690416011,200000,200000,0,10242,0.00153830622740804,0.000149503791058062,NA,500,0.00144095967792037,0,0,0,0.00144095967792037
"fuller","4",8,778.295997821172,200000,200000,0,20000,0.00155086897388184,0.00014947425755546,NA,500,0.00118088548698324,0,0,0,0.00118088548698324
"fuller","4",11,12.1609114981235,200000,200000,0,20000,0.0015487857064002,0.000149074515305866,NA,500,0.00132396464374947,0,0,0,0.00132396464374947
"fuller","7",2,1036718.74334162,200000,200000,0,492,0.00142476424164824,0.000150391255598043,NA,492,0.0014783349806965,0,0,0,0.0014783349806965
"fuller","7",3,148620.519150373,200000,200000,0,3432,0.00151534153339798,0.000149282224580453,NA,500,92875.4549994969,21,21,21,0.00144381295494194
"fuller","7",4,21242.1131819123,200000,200000,0,20000,0.0015486877360169,0.000149556245872503,NA,500,0.00136358981776976,0,0,0,0.00136358981776976
"fuller","7",5,3034.80426081726,200000,200000,0,20000,0.0015456941487323,0.000149838676116046,NA,500,13218.4756915045,4,4,4,0.00154907321186203
"fuller","7",6,433.547887893907,200000,200000,0,20000,0.00152683667388089,0.000149721259811063,NA,500,0.00143809304179975,0,0,0,0.00143809304179975
"fuller","7",7,61.9355028035055,200000,200000,0,20000,0.00155421458741094,0.000149173903339214,NA,500,0.0014723200139054,0,0,0,0.0014723200139054
"fuller","7",8,8.84793081371269,200000,200000,0,20000,0.0015637971356409,0.000149286313009976,NA,500,0.00136536932634551,0,0,0,0.00136536932634551
"fuller","4/3",4,353720.958199777,200000,200000,0,1442,0.00148766339307052,0.000149595509371647,NA,500,0.00151906644161285,0,0,0,0.00151906644161285
"fuller","4/3",8,2459.78347876698,200000,200000,0,20000,0.00155567751800068,0.000149548479453391,NA,500,0.00147885867974285,0,0,0,0.00147885867974285
"fuller","4/3",12,17.0819933248166,200000,200000,0,20000,0.00152951511913799,0.000149376674561686,NA,500,0.00137425775492167,0,0,0,0.00137425775492167
"fuller","4,3,4,7,4,7",3,1058227.43096282,200000,200000,0,482,0.00140315349359556,0.000149771918014431,NA,482,0.00149756684090206,0,0,0,0.00149756684090206
"fuller","4,3,4,7,4,7",6,5421.50062417975,200000,200000,0,20000,0.00154610579749356,0.000149695551348134,NA,500,0.0014732651714024,0,0,0,0.0014732651714024
