"placement","projection","resolution","n_cells","n_identical","n_distinct_hexify","n_distinct_dggrid","n_roundtrip_hexify","n_roundtrip_dggrid","n_parent_agree"
"standard","isea",0,12,12,12,12,12,12,NA
"standard","isea",1,72,72,72,72,72,72,72
"standard","isea",2,492,492,492,492,492,492,492
"standard","isea",3,3432,3432,3432,3432,3432,3432,3432
"standard","isea",4,24012,24012,24012,24012,24012,24012,24012
"standard","isea",5,168072,168072,168072,168072,168072,168072,168072
"standard","isea",6,1176492,1176492,1176492,1176492,1176492,1176492,1176492
"standard","isea",7,8235432,8235432,8235432,8235432,8235432,8235432,8235432
"vert0","isea",0,12,12,12,12,12,12,NA
"vert0","isea",1,72,72,72,72,72,72,72
"vert0","isea",2,492,492,492,492,492,492,492
"vert0","isea",3,3432,3432,3432,3432,3432,3432,3432
"vert0","isea",4,24012,24012,24012,24012,24012,24012,24012
"vert0","isea",5,168072,168072,168072,168072,168072,168072,168072
"standard","fuller",0,12,12,12,12,12,12,NA
"standard","fuller",1,72,72,72,72,72,72,72
"standard","fuller",2,492,492,492,492,492,492,492
"standard","fuller",3,3432,3432,3432,3432,3432,3432,3432
"standard","fuller",4,24012,24012,24012,24012,24012,24012,24012
"standard","fuller",5,168072,168072,168072,168072,168072,168072,168072
