"aperture","resolution","cell_area_km2","n_points","n_agree","n_differ","n_centre_cells","max_centre_gap_m","median_centre_gap_m","max_edge_distance_m","n_polygons","max_corner_gap_m"
"3",3,1875241.25633853,200000,200000,0,272,0.0593658552351045,0.0209856134450922,NA,272,0.0662611616843295
"3",7,23320.4838023079,200000,200000,0,20000,0.069622727416951,0.0206265530358891,NA,500,0.0685070703574698
"3",11,287.933211320348,200000,200000,0,20000,0.0692473454269379,0.0205440101341067,NA,500,0.0660685989168665
"3",15,3.5547349677199,200000,199999,1,20000,0.0701242370984134,0.0208698293746746,0.0194735496166243,500,0.0682456993854487
"4",2,3148553.22051901,200000,200000,0,162,0.0599992745608266,0.0217785722430798,NA,162,0.0624729053004835
"4",5,49801.3690416011,200000,200000,0,10242,0.0693998538455857,0.0206007904660676,NA,500,0.0656690785440707
"4",8,778.295997821172,200000,200000,0,20000,0.0697930436554292,0.0203765201727192,NA,500,0.0655020576429934
"4",11,12.1609114981235,200000,199998,2,20000,0.0690666826187934,0.0202492038388118,0.0186873823179041,500,0.0634655592103556
"7",2,1036718.74334162,200000,200000,0,492,0.0648062223008575,0.0209940853633036,NA,492,0.0662186407292206
"7",4,21242.1131819123,200000,200000,0,20000,0.0698162828481072,0.0205616242055063,NA,500,0.0685822396435704
"7",6,433.547887893907,200000,200000,0,20000,0.0696184414257087,0.0201947806868258,NA,500,0.0619098135745398
"7",8,8.84793081371269,200000,199998,2,20000,0.0700151752264035,0.0207516390487627,0.0264144550242879,500,0.0591787640857848
"4/3",4,353720.958199777,200000,200000,0,1442,0.0673218631999332,0.0210186583328131,NA,500,0.0681710007861358
"4/3",8,2459.78347876698,200000,200000,0,20000,0.0696980934462637,0.0203809840045085,NA,500,0.0645192014262499
"4/3",12,17.0819933248166,200000,199998,2,20000,0.0696564067850164,0.0204447789927143,0.025836057642756,500,0.0701316115351936
"4,3,4,7,4,7",3,1058227.43096282,200000,200000,0,482,0.0624729052924126,0.0208480781749284,NA,482,0.0674184620661489
"4,3,4,7,4,7",6,5421.50062417975,200000,200000,0,20000,0.0702065323708765,0.0205563078593004,NA,500,0.0674455713781759
