"placement","vert0_lon","vert0_lat","azimuth","aperture","resolution","n_points","n_agree","n_differ","n_centre_cells","max_centre_gap_m","median_centre_gap_m","n_polygons","max_corner_gap_m","n_corner_gap","n_gap_dggrid_open","n_gap_hexify_closed","max_corner_gap_other_m"
"vert0 (-40, 20), azimuth 33",-40,20,33,"3",9,50000,50000,0,20000,0.00196086374680585,0.000270427993124582,200,0.00174889343936783,0,0,0,0.00174889343936783
"vert0 (-40, 20), azimuth 33",-40,20,33,"4",7,50000,50000,0,20000,0.00193179125190196,0.000270701162748819,200,0.00168902270117909,0,0,0,0.00168902270117909
"vert0 (-40, 20), azimuth 33",-40,20,33,"7",5,50000,50000,0,20000,0.0019437050041208,0.000270581907873129,200,662.11407032444,1,1,1,0.00166401050944968
"vert0 (-40, 20), azimuth 33",-40,20,33,"4/3",8,50000,50000,0,20000,0.00194310795599303,0.00027012609511892,200,0.00162457135871879,0,0,0,0.00162457135871879
"vert0 (-40, 20), azimuth 33",-40,20,33,"4,3,4,7,4,7",6,50000,50000,0,20000,0.00193211860760122,0.000270048361295064,200,0.00186473826395573,0,0,0,0.00186473826395573
"vert0 (0, 90), azimuth 0",0,90,0,"3",9,50000,50000,0,20000,0.00200944440112112,0.000268481966645275,200,0.00144739458298796,0,0,0,0.00144739458298796
"vert0 (0, 90), azimuth 0",0,90,0,"4",7,50000,50000,0,20000,0.00194272461295216,0.000269500604260984,200,0.00165472121695827,0,0,0,0.00165472121695827
"vert0 (0, 90), azimuth 0",0,90,0,"7",5,50000,50000,0,20000,0.00201279130595609,0.000271279261946986,200,357.439149890281,2,2,2,0.00143349197037311
"vert0 (0, 90), azimuth 0",0,90,0,"4/3",8,50000,50000,0,20000,0.00194617882570318,0.000270467657370896,200,0.00165097142310478,0,0,0,0.00165097142310478
"vert0 (0, 90), azimuth 0",0,90,0,"4,3,4,7,4,7",6,50000,50000,0,20000,0.0019616409942594,0.000267018533260134,200,0.00164041780160335,0,0,0,0.00164041780160335
"vert0 (150, -60), azimuth 200",150,-60,200,"3",9,50000,50000,0,20000,0.000513307131609382,0.000229453931520494,200,0.000485220863538287,0,0,0,0.000485220863538287
"vert0 (150, -60), azimuth 200",150,-60,200,"4",7,50000,50000,0,20000,0.000513307131609382,0.000229762221165789,200,0.000507873495579261,0,0,0,0.000507873495579261
"vert0 (150, -60), azimuth 200",150,-60,200,"7",5,50000,50000,0,20000,0.000513307131609382,0.000230199337307548,200,0.000497558761070429,0,0,0,0.000497558761070429
"vert0 (150, -60), azimuth 200",150,-60,200,"4/3",8,50000,50000,0,20000,0.000513307131609382,0.000228507004378186,200,0.000447640266176602,0,0,0,0.000447640266176602
"vert0 (150, -60), azimuth 200",150,-60,200,"4,3,4,7,4,7",6,50000,50000,0,20000,0.000513307131609382,0.000227502209068702,200,0.00048559078977606,0,0,0,0.00048559078977606
"region (10, 46.5)",-87.0533822381224,52.6928458905958,17.425752932974,"3",9,50000,50000,0,20000,0.00050919669182706,0.000229457947721988,200,0.000472032360861223,0,0,0,0.000472032360861223
"region (10, 46.5)",-87.0533822381224,52.6928458905958,17.425752932974,"4",7,50000,50000,0,20000,0.000513303050953639,0.000230708314379506,200,0.000468054001833408,0,0,0,0.000468054001833408
"region (10, 46.5)",-87.0533822381224,52.6928458905958,17.425752932974,"7",5,50000,50000,0,20000,0.000509163739449852,0.00022916824247928,200,0.000458151599042466,0,0,0,0.000458151599042466
"region (10, 46.5)",-87.0533822381224,52.6928458905958,17.425752932974,"4/3",8,50000,50000,0,20000,0.000508705334051161,0.000229983804281748,200,0.000476269322232052,0,0,0,0.000476269322232052
"region (10, 46.5)",-87.0533822381224,52.6928458905958,17.425752932974,"4,3,4,7,4,7",6,50000,50000,0,20000,0.000513303050953639,0.000227725150898039,200,0.000511315822875906,0,0,0,0.000511315822875906
"region (-75, -10)",-119.031221211455,30.0708526342983,90.4218653078881,"3",9,50000,50000,0,20000,0.000509203002391165,0.00022758555207145,200,0.000450273283242214,0,0,0,0.000450273283242214
"region (-75, -10)",-119.031221211455,30.0708526342983,90.4218653078881,"4",7,50000,50000,0,20000,0.000510695698938332,0.000228346877705498,200,0.000499594241626589,0,0,0,0.000499594241626589
"region (-75, -10)",-119.031221211455,30.0708526342983,90.4218653078881,"7",5,50000,50000,0,20000,0.000509147535464409,0.000229304464241349,200,262.725659446826,3,3,3,0.000469978588570637
"region (-75, -10)",-119.031221211455,30.0708526342983,90.4218653078881,"4/3",8,50000,50000,0,20000,0.000508682601865531,0.000229714559803794,200,0.000460870921011169,0,0,0,0.000460870921011169
"region (-75, -10)",-119.031221211455,30.0708526342983,90.4218653078881,"4,3,4,7,4,7",6,50000,50000,0,20000,0.000507404587005715,0.000225975522715935,200,0.000480048193740129,0,0,0,0.000480048193740129
"region (0, 90)",-135,31.717474384297,323.999999978439,"3",9,50000,50000,0,20000,0.00168250183968885,0.000286426825252341,200,0.00164803675057928,0,0,0,0.00164803675057928
"region (0, 90)",-135,31.717474384297,323.999999978439,"4",7,50000,50000,0,20000,0.00177605596049043,0.000286816044514294,200,0.00158052915698413,0,0,0,0.00158052915698413
"region (0, 90)",-135,31.717474384297,323.999999978439,"7",5,50000,50000,0,20000,0.00168340153375767,0.000287117044092432,200,158.473717666078,1,1,1,0.00161053153303991
"region (0, 90)",-135,31.717474384297,323.999999978439,"4/3",8,50000,50000,0,20000,0.00177714889446575,0.000286691664751348,200,0.00157127326079012,0,0,0,0.00157127326079012
"region (0, 90)",-135,31.717474384297,323.999999978439,"4,3,4,7,4,7",6,50000,50000,0,20000,0.00177225953632531,0.0002861812358971,200,0.00150988620745586,0,0,0,0.00150988620745586
