"grid","resolution","earth_model","abs_lat_band","mean_ratio","min_ratio","max_ratio"
"ISEA3H",5,"sphere","[0,10]",0.995665430771132,0.99553470788612,0.995912836485156
"ISEA3H",5,"sphere","(10,20]",0.996495803102834,0.995979792978233,0.99709349791389
"ISEA3H",5,"sphere","(20,30]",0.99797703469201,0.997185365942522,0.998786289385335
"ISEA3H",5,"sphere","(30,40]",0.999944920597709,0.998932740491062,1.00105507091587
"ISEA3H",5,"sphere","(40,50]",1.00220430790897,1.00105473195364,1.00339725166859
"ISEA3H",5,"sphere","(50,60]",1.00454306081515,1.00344558802078,1.00557498209032
"ISEA3H",5,"sphere","(60,70]",1.00656194529554,1.00574335306099,1.0073222866373
"ISEA3H",5,"sphere","(70,80]",1.00802361940136,1.00752624375335,1.00856856442259
"ISEA3H",5,"sphere","(80,90]",1.00883308509457,1.00874402555475,1.00895997954816
"ISEA3H",5,"WGS84","[0,10]",1.00000001736985,0.999999533178759,1.0000020289688
"ISEA3H",5,"WGS84","(10,20]",1.00000000300976,0.999999661904392,1.00000022258611
"ISEA3H",5,"WGS84","(20,30]",1.00000001155603,0.999999578286348,1.00000044345703
"ISEA3H",5,"WGS84","(30,40]",0.999999965592965,0.999999465765972,1.00000142186785
"ISEA3H",5,"WGS84","(40,50]",1.00000000940202,0.999999754526898,1.00000022223798
"ISEA3H",5,"WGS84","(50,60]",1.00000001105979,0.999999785242966,1.00000050114195
"ISEA3H",5,"WGS84","(60,70]",0.999999989935822,0.999999520593186,1.00000015934027
"ISEA3H",5,"WGS84","(70,80]",0.999999976753638,0.99999988581206,1.00000012908682
"ISEA3H",5,"WGS84","(80,90]",1.00000000066282,0.999999999936242,1.00000000268472
"ISEA4H",4,"sphere","[0,10]",0.995661748834737,0.995534730954492,0.995871266569912
"ISEA4H",4,"sphere","(10,20]",0.996451483828874,0.99594355248883,0.997103938597697
"ISEA4H",4,"sphere","(20,30]",0.997902838420214,0.997089400081166,0.998871692829404
"ISEA4H",4,"sphere","(30,40]",0.999832585422332,0.998871692829397,1.00095074411738
"ISEA4H",4,"sphere","(40,50]",1.00212903105803,1.00106858319539,1.0032921114881
"ISEA4H",4,"sphere","(50,60]",1.00452762458128,1.0034262658055,1.00559425363503
"ISEA4H",4,"sphere","(60,70]",1.00654343504299,1.005688437197,1.00737642481447
"ISEA4H",4,"sphere","(70,80]",1.0079846272808,1.0074259326952,1.00849363412861
"ISEA4H",4,"sphere","(80,90]",1.00878842967341,1.00865699672834,1.00898327352664
"ISEA4H",4,"WGS84","[0,10]",1.00000002273204,0.999999569663426,1.00000088308058
"ISEA4H",4,"WGS84","(10,20]",0.999999982415024,0.999999593843291,1.00000020709965
"ISEA4H",4,"WGS84","(20,30]",1.00000001955128,0.999999609313361,1.00000029392915
"ISEA4H",4,"WGS84","(30,40]",0.999999974998626,0.99999958466549,1.00000086743045
"ISEA4H",4,"WGS84","(40,50]",1.00000000465956,0.999999702417307,1.00000020710688
"ISEA4H",4,"WGS84","(50,60]",1.00000001893246,0.999999761971075,1.00000045330368
"ISEA4H",4,"WGS84","(60,70]",0.999999988104231,0.999999496429989,1.00000027508807
"ISEA4H",4,"WGS84","(70,80]",0.999999972597511,0.999999834700319,1.00000020778391
"ISEA4H",4,"WGS84","(80,90]",1.00000000062256,0.999999997394836,1.0000000057602
"ISEA7H",3,"sphere","[0,10]",0.995667441289121,0.995533688761695,0.99593336418376
"ISEA7H",3,"sphere","(10,20]",0.996444463073583,0.99595381146301,0.997063868228655
"ISEA7H",3,"sphere","(20,30]",0.997918694886062,0.997097254158206,0.998863091878049
"ISEA7H",3,"sphere","(30,40]",0.999931616473173,0.998872926724911,1.00105780233553
"ISEA7H",3,"sphere","(40,50]",1.00222845987459,1.0011040562435,1.00336008914686
"ISEA7H",3,"sphere","(50,60]",1.0045123127537,1.00346677937459,1.00559541273276
"ISEA7H",3,"sphere","(60,70]",1.00647919314345,1.00560249966482,1.00735625656126
"ISEA7H",3,"sphere","(70,80]",1.00796158191084,1.0073966006766,1.00856661765153
"ISEA7H",3,"sphere","(80,90]",1.00878111967202,1.00858890518161,1.00897176876747
"ISEA7H",3,"WGS84","[0,10]",1.00000001343513,0.999999614004315,1.00000152706625
"ISEA7H",3,"WGS84","(10,20]",0.999999996460208,0.999999595359046,1.00000013344798
"ISEA7H",3,"WGS84","(20,30]",1.00000000783076,0.99999960854009,1.0000002576571
"ISEA7H",3,"WGS84","(30,40]",0.999999976009465,0.999999579172926,1.00000121689487
"ISEA7H",3,"WGS84","(40,50]",1.00000001313952,0.999999840897751,1.00000013344188
"ISEA7H",3,"WGS84","(50,60]",1.00000001025001,0.99999972977189,1.00000061390026
"ISEA7H",3,"WGS84","(60,70]",0.999999994559049,0.999999685920655,1.00000018252218
"ISEA7H",3,"WGS84","(70,80]",0.999999976865117,0.9999997901913,1.00000018234266
"ISEA7H",3,"WGS84","(80,90]",1.00000000097657,0.999999993658094,1.00000000799604
