"version","case","cells","build_s","page_mb","gpu_mb","frame_ms_800","frame_ms_1600","adapter"
"per-cell upload (7996043)","aperture 3 resolution 10, no values",590492,0.0600000000000005,1.436725,0,0.0975000023841858,0.192499998211861,"nvidia blackwell "
"per-cell upload (7996043)","aperture 3 resolution 10, values on every cell",590492,0.0500000000000007,4.586053,2.361969,0.0899999976158142,0.182500001788139,"nvidia blackwell "
"per-cell upload (7996043)","aperture 3 resolution 12, values on every cell",5314412,0.290000000000001,29.780293,21.257649,0.0975000023841858,0.194999998807907,"nvidia blackwell "
"per-cell upload (7996043)","aperture 4 resolution 14, values on 100,000 cells",2684354562,0.0500000000000007,3.03676,1.200003,0.1,0.227500000596046,"nvidia blackwell "
"per-cell upload (7996043)","aperture 4 resolution 14, values on 1,000,000 cells",2684354562,0.170000000000002,17.436761,12.000003,0.138749998807907,0.246250003576279,"nvidia blackwell "
"cells' table","aperture 3 resolution 10, no values",590492,0.0700000000000003,1.445204,1.6e-05,0.0837500005960465,0.163750001788139,"nvidia blackwell "
"cells' table","aperture 3 resolution 10, values on every cell",590492,0.17,6.549161,3.82764,0.0912499994039535,0.223750001192093,"nvidia blackwell "
"cells' table","aperture 3 resolution 12, values on every cell",5314412,1.28,45.075366,32.722212,0.1,0.211249995231628,"nvidia blackwell "
"cells' table","aperture 4 resolution 14, values on 100,000 cells",2684354562,0.0899999999999999,3.805179,1.769472,0.0925000011920929,0.198749998211861,"nvidia blackwell "
"cells' table","aperture 4 resolution 14, values on 1,000,000 cells",2684354562,0.740000000000002,24.689324,17.432576,0.101250001788139,0.207500001788139,"nvidia blackwell "
"cells' table","aperture 3 resolution 10, values on every cell, smooth",590492,0.160000000000004,6.549161,3.82764,0.125,0.311250001192093,"nvidia blackwell "
