"grid","resolution","n_cells","n_walls","area_cv","area_max_over_min","compactness_mean","compactness_min","compactness_max","distance_cv","distance_range_over_mean","midpoint_ratio_mean","midpoint_ratio_max","seconds"
"ISEA3H",6,7292,21870,0.00675783081521412,1.2,0.946756392254424,0.913221271590583,0.961870300409232,0.0624707133271898,0.216660565091071,0.00881573772531984,0.22974573929104,2.1
"FULLER3H",6,7292,21870,0.0302970810208983,1.35602542046947,0.949219407314504,0.943624326671256,0.975675299693631,0.0476117644463193,0.160679412745562,0.0026355844383524,0.00676836644497174,0.82
"IVEA3H",6,7292,21870,0.00675783081521412,1.2,0.948586325097462,0.945569171546551,0.959464202162663,0.0512845067600896,0.17272785767956,0.00483362579232248,0.119834887922515,2.99
"ISEA4H",5,10242,30720,0.00570293518193265,1.2,0.946770356390697,0.912885194182276,0.954156108190615,0.0626268423482591,0.219656483310987,0.00771981488233696,0.231406110300606,4.14
"FULLER4H",5,10242,30720,0.0299801550663988,1.35641812570754,0.949219057424219,0.943555396772412,0.975726946768019,0.0475741300239903,0.160730739010432,0.00222482607731645,0.00574579493494354,1.42
"IVEA4H",5,10242,30720,0.00570293518193265,1.2,0.948586593151371,0.945565385335384,0.959466838946817,0.0513067676234658,0.173159940556337,0.00410846034708795,0.119912327471512,3.53
"ISEA7H",4,24012,72030,0.00372530535680626,1.2,0.946764433040769,0.912250081737323,0.952022940003851,0.0628351763805779,0.225743671925522,0.00530495133151348,0.234507284962512,6.7
"FULLER7H",4,24012,72030,0.0295254160490004,1.35800914246578,0.949218553939062,0.943420376557252,0.975822070280094,0.0475207152318566,0.160823407756747,0.00145501682125158,0.00379565755612231,2.49
"IVEA7H",4,24012,72030,0.00372530535680626,1.2,0.948584157954726,0.945560012193755,0.959470575506059,0.0513287940416719,0.174717594012521,0.00271387910889391,0.120022075858946,5.71
"H3",2,5882,17640,0.133740227413338,2.32801503455054,0.951131733853932,0.929975226907933,0.952352904197068,0.0727194190726612,0.385840307627913,0.00711735881305793,0.181738161547372,0.199999999999999
