"grid","fine_resolution","levels_up","disagree","se","lattice_one_level"
"ISEA3H",12,1,0.4515,0.00497642190735472,0.444444444444444
"ISEA3H",12,2,0.4734,0.00499291938649123,NA
"ISEA3H",12,3,0.4478,0.00497267694506691,NA
"ISEA3H",12,4,0.6039,0.00489085667342645,NA
"ISEA3H",12,5,0.4553,0.00497997901602005,NA
"ISEA3H",12,6,0.6509,0.00476685630158913,NA
"ISEA4H",10,1,0.3713,0.00483152470758455,0.375
"ISEA4H",10,2,0.5281,0.00499209765529482,NA
"ISEA4H",10,3,0.5988,0.00490141367362519,NA
"ISEA4H",10,4,0.6321,0.00482233957742505,NA
"ISEA4H",10,5,0.6535,0.00475854757252673,NA
"ISEA4H",10,6,0.6507,0.0047674889617072,NA
"ISEA7H",8,1,0.0698,0.00254809654448178,0.0714285714285714
"ISEA7H",8,2,0.0605,0.00238410884818626,NA
"ISEA7H",8,3,0.0664,0.00248979999196723,NA
"ISEA7H",8,4,0.0668,0.00249675309151706,NA
"ISEA7H",8,5,0.0652,0.00246878431621719,NA
"ISEA7H",8,6,0.0655,0.00247406042771796,NA
"FULLER7H",8,1,0.0765,0.00265796444671482,0.0714285714285714
"FULLER7H",8,2,0.0638,0.00244396317484532,NA
"FULLER7H",8,3,0.0679,0.00251574223639863,NA
"FULLER7H",8,4,0.0657,0.00247756957520874,NA
"FULLER7H",8,5,0.0671,0.00250195103868961,NA
"FULLER7H",8,6,0.0647,0.00245995751995842,NA
"ISEA43H",12,1,0.3798,0.00485336955114691,0.375
"ISEA43H",12,2,0.5661,0.00495611531342845,NA
"ISEA43H",12,3,0.6419,0.00479441748286484,NA
"ISEA43H",12,4,0.683,0.00465307425257754,NA
"ISEA43H",12,5,0.7093,0.00454085355412394,NA
"ISEA43H",12,6,0.7062,0.00455501437977972,NA
"ISEA[4,7]H",8,1,0.0735,0.00260955455969022,0.0714285714285714
"ISEA[4,7]H",8,2,0.3789,0.00485113172362903,NA
"ISEA[4,7]H",8,3,0.1659,0.00371990846661581,NA
"ISEA[4,7]H",8,4,0.4243,0.0049423628964292,NA
"ISEA[4,7]H",8,5,0.1778,0.00382344295105864,NA
"ISEA[4,7]H",8,6,0.4429,0.0049672888983831,NA
"H3",8,1,0.0741,0.00261933560278174,0.0714285714285714
"H3",8,2,0.0658,0.00247932168142821,NA
"H3",8,3,0.0684,0.00252431059895568,NA
"H3",8,4,0.0655,0.00247406042771796,NA
"H3",8,5,0.0662,0.00248631373724235,NA
"H3",8,6,0.0678,0.00251402386623516,NA
"Hex9",10,1,0.1633,0.00369639161886291,0.166666666666667
"Hex9",10,2,0.0538,0.00225622605250449,NA
"Hex9",10,3,0.0192,0.00137227402511306,NA
"Hex9",10,4,0.0067,0.000815788575551288,NA
"Hex9",10,5,0.0023,0.000479031314216513,NA
"Hex9",10,6,8e-04,0.000282729552753157,NA
"Hex9 (libhex9)",5,1,0.1643,0.00370547581290177,0.166666666666667
"Hex9 (libhex9)",6,2,0.0582,0.00234121250637357,NA
"Hex9 (libhex9)",7,3,0.0171,0.00129644089722594,NA
"Hex9 (libhex9)",8,4,0.0061,0.000778639197574846,NA
"Hex9 (libhex9)",9,5,0.002,0.000446766158073773,NA
"Hex9 (libhex9)",10,6,4e-04,0.0001999599959992,NA
