"grid","resolution","n_cells","n_crossed","norm_area_sd","norm_area_min","norm_area_max","ipq_mean","ipq_sd","ipq_min","ipq_max","hex_norm_area_sd","hex_norm_area_min","hex_norm_area_max","hex_ipq_mean","exact_norm_area_sd","exact_norm_area_min","exact_norm_area_max","exact_ipq_mean","exact_ipq_sd","kmoch_n_cells","kmoch_norm_area_sd","kmoch_norm_area_min","kmoch_norm_area_max","kmoch_ipq_mean","kmoch_ipq_sd","seconds"
"ISEA3H",2,92,12,0.0568677071777612,0.854812007318877,1.03971466678528,0.892601550325923,0.0107558509219629,0.864792173223816,0.898481918017947,0.0185670257835367,0.985100643289155,1.03971466678528,0.896573573670167,0.0576919308388482,0.851851851851852,1.02222222222222,0.905251156311419,0.0188052825429525,78,0.0548867956995143,0.853510672187245,1.03533715921867,0.892891597008549,0.0104027314644164,0.13
"ISEA3H",3,272,20,0.0562677663684364,0.723244474140351,1.03617635944881,0.900689243188784,0.00748180307598431,0.864791792082732,0.905955312026759,0.00679884378977898,1.00380114719128,1.03617635944881,0.902172385550442,0.0345431619759436,0.839506172839506,1.00740740740741,0.899393652081922,0.013790001855397,247,0.0508101781023139,0.721960423419591,1.03426864520181,0.900926535034701,0.00680673103240492,0.22
"ISEA3H",4,812,32,0.0191828675190316,0.854276402152964,1.01293972170096,0.896132955239856,0.00671313444976874,0.864791697238742,0.903829858577936,0.00732032929812502,0.960545554032813,1.01293972170096,0.896622556411431,0.0201728349287782,0.835390946502058,1.00246913580247,0.897336881416647,0.00948231391804415,772,0.0161292200316472,0.856712993429407,1.01198253285035,0.896269572101014,0.00634931945241222,0.36
"ISEA3H",5,2432,55,0.0212770445033053,0.704759541477235,1.02869981457337,0.899304439101875,0.00423657106289485,0.864791652001043,0.90595531543,0.0044411740587466,0.996142370209757,1.02869981457337,0.8994795222784,0.0116904192902925,0.834019204389575,1.00082304526749,0.896909433861068,0.00792061091485471,2353,0.00417079162111709,0.994514093728507,1.01729637977149,0.899446312628379,0.00343686642076274,0.59
"ISEA3H",6,7292,88,0.00717854670291483,0.858801569226702,1.00959024868831,0.896366488687269,0.00663161836398557,0.86479164176293,0.904592761527221,0.00447958652204334,0.957580906075953,1.00959024868831,0.89641916059491,0.00675783081521412,0.833561957018747,1.0002743484225,0.896484710251898,0.00709077697662961,7130,0.00397836017552878,0.993807169957891,1.00899233500395,0.896401772411353,0.00651913933355352,1.28
"FULLER3H",2,92,10,0.103341514958892,0.72505962976034,1.07241364829788,0.899361324933719,0.0129666833871848,0.864792093915264,0.904839209323252,0.0164084815432792,1.02472175135841,1.07241364829788,0.904161877400593,0.0751003119020007,0.813111406728588,1.06226474068936,0.911191460783957,0.0172473987022097,80,0.0993379706025199,0.723115187375837,1.06976345275524,0.899720423918964,0.0125185092479911,0.0999999999999996
"FULLER3H",3,272,20,0.0515326469166578,0.775025336824768,1.06319437352138,0.89974551504802,0.00785619617690498,0.86479180332279,0.906707394577615,0.0250889082734026,0.976779175135084,1.06319437352138,0.901189660145955,0.0504071924954944,0.791585353466535,1.05539665484635,0.904239028597156,0.00567834920725302,249,0.0473447350970806,0.774001950985605,1.06172057929765,0.899985270574465,0.00722716885843203,0.22
"FULLER3H",4,812,31,0.0472179752380497,0.685103539084911,1.06111476721718,0.901740664022745,0.00515952579537017,0.864791684907737,0.906644068725245,0.026855116848045,0.953315634840559,1.06111476721718,0.902317135105814,0.0380228894373164,0.782573854947817,1.0530802598591,0.902160568680584,0.00736097397784989,772,0.0414203201945488,0.686626091807924,1.05234924797288,0.901906422504215,0.00443810537161801,0.26
"FULLER3H",5,2432,53,0.0331154711382847,0.770251764077312,1.0599943172847,0.900782549324033,0.00460584881221414,0.864791653607599,0.906877884498636,0.0290018341777931,0.939895047686116,1.0599943172847,0.900964978148479,0.0323627559517479,0.778033429521763,1.05230496230153,0.901295882362952,0.00429610100698424,2357,0.028756404379047,0.938818952979068,1.05612934278889,0.900936652147839,0.00382375226490473,0.71
"FULLER3H",6,7292,86,0.0319166427964019,0.67558877112062,1.0596321982525,0.901433064299101,0.00359728274401376,0.864791640267055,0.906870712104503,0.0291163791429465,0.93289772146891,1.0596321982525,0.901494172899875,0.0302970810208983,0.775830717744599,1.05204617524275,0.901146223604635,0.00432209216918708,7132,0.0286630334746209,0.935645459386941,1.05615812187261,0.901465505721768,0.00326661980051918,0.96
"ISEA4H",2,162,13,0.0398567243112038,0.851543328018776,1.02428211596922,0.894413775158364,0.00859930946176645,0.864791943259396,0.903622563228554,0.00751823702894543,0.998355879965248,1.02428211596922,0.896544458850385,0.0443312103509494,0.84375,1.0125,0.90154353931241,0.0136501018222976,NA,NA,NA,NA,NA,NA,0.17
"ISEA4H",3,642,29,0.0206977263353866,0.853721740702956,1.01349673479927,0.896228070645706,0.00703910526822844,0.864791713664603,0.90322672837991,0.00476425684211348,0.991355647450097,1.01349673479927,0.89685561641553,0.0226604313546977,0.8359375,1.003125,0.897927872147268,0.00968475287674743,NA,NA,NA,NA,NA,NA,0.42
"ISEA4H",4,2562,55,0.0106232397962977,0.856932629475875,1.0103406181538,0.896316382899541,0.00649516111134421,0.864791654660635,0.904438749944386,0.00443008809422496,0.983971449218612,1.0103406181538,0.896467972090144,0.0113908011656965,0.833984375,1.00078125,0.896693027951927,0.00743895352746178,NA,NA,NA,NA,NA,NA,1
"ISEA4H",5,10242,107,0.0062184351565578,0.859272864495178,1.00943540443596,0.896380615551636,0.00668238696365467,0.86479163974506,0.904612555147245,0.00405771788016107,0.98725677608995,1.00943540443596,0.896418053652139,0.00570293518193264,0.83349609375,1.0001953125,0.896475262597263,0.00697046234863155,NA,NA,NA,NA,NA,NA,2.34
"ISEA4H",6,40962,221,0.00465286288179485,0.860624426741205,1.00915596247288,0.896377198646952,0.00678036911296071,0.864791635997986,0.904693518967278,0.00402986751873977,0.982965396468398,1.00915596247288,0.896386502703166,0.00285240821774064,0.8333740234375,1.000048828125,0.896399863142866,0.00684799867617606,NA,NA,NA,NA,NA,NA,5.98
"ISEA4H",7,163842,419,0.00417132209917401,0.861345114604594,1.00906032812207,0.896376363044098,0.00683261051164238,0.864791635059099,0.9047280639087,0.00400825200273673,0.986993970427126,1.00906032812207,0.896378681950918,0.00142632164983593,0.833343505859375,1.00001220703125,0.896386685002073,0.00684329157269164,NA,NA,NA,NA,NA,NA,16.8
"FULLER4H",2,162,15,0.0811072840438354,0.707467000731488,1.05185293299112,0.900914219806341,0.00980293044081603,0.864791891914837,0.904391702190676,0.0204903920178803,0.995808472211399,1.05185293299112,0.903550495250689,0.0609289776364118,0.799818412139814,1.04313273336854,0.906763531896186,0.0138690965597191,NA,NA,NA,NA,NA,NA,0.0900000000000034
"FULLER4H",3,642,27,0.0508861921731209,0.687096242273492,1.05759275110668,0.901724366977711,0.00562746486344775,0.864791698331094,0.90625501081462,0.0262536181601384,0.957362171702087,1.05759275110668,0.902459210486017,0.0400215990819957,0.784026201264124,1.04873067784947,0.902462976647428,0.00802045974181681,NA,NA,NA,NA,NA,NA,0.210000000000001
"FULLER4H",4,2562,55,0.0360307761529396,0.678628066292599,1.05909841208583,0.901621129710628,0.00388835758695851,0.864791650522809,0.906768118660395,0.0285397073971564,0.939667541380371,1.05909841208583,0.901798232721253,0.0322554337442228,0.777959310861391,1.05124054153481,0.901380902993272,0.00520906428200482,NA,NA,NA,NA,NA,NA,0.490000000000002
"FULLER4H",5,10242,105,0.0312348094016625,0.674935019682003,1.05951672446911,0.901378366992231,0.00357761097921538,0.864791638673247,0.906874988862356,0.0292179986167101,0.931399324790163,1.05951672446911,0.901421720959004,0.0299801550663988,0.77537439600723,1.05173188495374,0.901109598060675,0.0041644579127437,NA,NA,NA,NA,NA,NA,1.21
"FULLER4H",6,40962,217,0.0299186398333129,0.673241091050375,1.05951942390587,0.901209397211356,0.00360772569475322,0.864791635725414,0.906894071151751,0.02940239705375,0.927430605366637,1.05951942390587,0.901220123926538,0.0293841848435957,0.774192865407907,1.05187245390359,0.901041679759014,0.00385270321670919,NA,NA,NA,NA,NA,NA,3.42
"FULLER4H",7,163842,421,0.0295774364101617,0.672429813549837,1.05957539990899,0.901113730959419,0.00366730121383884,0.864791634990382,0.906897908343839,0.0294474555769015,0.925483322140269,1.05957539990899,0.901116397784978,0.0292335306495403,0.773629674965742,1.05190540467885,0.901024689114198,0.00376997164015936,NA,NA,NA,NA,NA,NA,11.55
"ISEA43H",2,122,16,0.0835868294515555,0.740980923110943,1.04880460063739,0.899655127393759,0.0113827372186106,0.86479199020231,0.905955301386232,0.00851947711807046,1.01591589020059,1.04880460063739,0.903286151341454,0.05066892605276,0.847222222222222,1.01666666666667,0.903257918653984,0.0181345373672601,NA,NA,NA,NA,NA,NA,0.240000000000002
"ISEA43H",3,362,19,0.0291063978675317,0.852672244038427,1.01725637951503,0.895591204237468,0.00757235904518294,0.864791774063984,0.903388464839254,0.0100615272690606,0.964724160618203,1.01725637951503,0.8967075556788,0.0300449564167609,0.837962962962963,1.00555555555556,0.898551073402855,0.0119533849978753,NA,NA,NA,NA,NA,NA,0.399999999999999
"ISEA43H",4,1442,41,0.0144061795729892,0.855631327446958,1.01118039052148,0.896256541084884,0.00654050268501785,0.864791670045578,0.904226663012799,0.00608299279217627,0.959063299259549,1.01118039052148,0.896528317079902,0.0151668551491445,0.834490740740741,1.00138888888889,0.896915466766735,0.00837818189920118,NA,NA,NA,NA,NA,NA,0.800000000000004
"ISEA43H",5,4322,71,0.0162230543304204,0.70263078946638,1.0281848548702,0.898852546676526,0.00440455703643481,0.864791644430296,0.905955314944528,0.00425559746656278,0.995729642463953,1.0281848548702,0.89894894890339,0.00877494714108906,0.833719135802469,1.00046296296296,0.896797009407808,0.00735583475335004,NA,NA,NA,NA,NA,NA,1.41
"ISEA43H",6,17282,137,0.00885599323612272,0.699581322108097,1.0276866506099,0.8979326685848,0.00516857986437248,0.864791637158243,0.905955313830768,0.00406613645318736,0.995468662449624,1.0276866506099,0.897955875877029,0.00439090831228645,0.833429783950617,1.00011574074074,0.896700732110529,0.00675314617717785,NA,NA,NA,NA,NA,NA,3.28
"ISEA43H",7,51842,239,0.00456604540547916,0.860781632874246,1.00913172353552,0.89637691163149,0.00679468155584521,0.864791635735377,0.904698186658799,0.00407288629084079,0.957260783271652,1.00913172353552,0.896384256739407,0.00253553244888633,0.833365483539095,1.00003858024691,0.896395201455078,0.00685812348035829,NA,NA,NA,NA,NA,NA,6.87
"ISEA43H",8,207362,487,0.00415141921921223,0.86142700520693,1.00905150219995,0.896375310293782,0.00683640146697825,0.864791634993359,0.904729175636941,0.00402267428839236,0.957218939498548,1.00905150219995,0.896377142048372,0.00126784877538403,0.833341370884774,1.00000964506173,0.896384446146226,0.00684487317669727,NA,NA,NA,NA,NA,NA,20.2
"ISEA43H",9,622082,859,0.00421916865719682,0.697168099112341,1.02751833386667,0.896914087282507,0.00627495527161882,0.864791634812548,0.905955312548874,0.00400829843426989,0.99548340951929,1.02751833386667,0.896914707663624,0.000732003422400062,0.833336012517147,1.00000321502058,0.896677906908333,0.00655600908971737,NA,NA,NA,NA,NA,NA,50.33
"ISEA7H",2,492,24,0.0239305406510623,0.85318588852231,1.01524720254652,0.895817293943915,0.00702632118579999,0.864791737521583,0.903936199454304,0.00582118046955597,0.98853856080623,1.01524720254652,0.896633578100264,0.0258407858303509,0.836734693877551,1.00408163265306,0.898040056151494,0.00994571726250637,462,0.0209039680797805,0.852653700659259,1.01400473836896,0.895997308471872,0.0066055295344267,0.359999999999985
"ISEA7H",3,3432,64,0.0175936538048878,0.733551568917597,1.03111877156259,0.897563206388847,0.00540977370998537,0.864791647476269,0.904378205099766,0.00787592012603818,0.973571420638179,1.03111877156259,0.89768036280808,0.0098451329704218,0.833819241982507,1.00058309037901,0.896853598792541,0.00841159155443355,3334,0.00755962630597883,0.972798218447805,1.02771999623776,0.8977115587152,0.00504945061580562,1.15000000000001
"ISEA7H",4,24012,164,0.00506851675442862,0.860198356801653,1.00923594163632,0.896374765655648,0.00674660393319637,0.864791636880772,0.904665948686258,0.0040482455040395,0.983014657644809,1.00923594163632,0.896390662438065,0.00372530535680626,0.833402748854644,1.00008329862557,0.896413419904836,0.00686360242629675,23608,0.00398228775709692,0.994999984759786,1.00896780844732,0.896381523608267,0.0067131305495114,4.06
"ISEA7H",5,168072,437,0.00534138276814202,0.732159403271473,1.03076672052514,0.896771737372961,0.0063329714088788,0.864791635005328,0.904726069586099,0.00484984383576356,0.972730637035007,1.03076672052514,0.896774026315255,0.00140825935257172,0.833343249836378,1.00001189980365,0.896599491324428,0.00693443207524186,165957,0.00426671774150458,0.98294463116356,1.01871910615018,0.896866162657898,0.00627682088205738,15.72
"FULLER7H",2,492,24,0.0558764819485616,0.689858979529957,1.05742786990702,0.901666264252587,0.00627735148059585,0.864791717954654,0.906063059326386,0.0255384432202107,0.962808858684349,1.05742786990702,0.902636468881596,0.0427493332375471,0.785981584488471,1.04867354836833,0.902903611482822,0.00887703134514233,462,0.050043862917866,0.688888454381957,1.05574288821574,0.901877596017332,0.00555946767124705,0.189999999999998
"FULLER7H",3,3432,65,0.0333515572413763,0.717034101917801,1.05925627502628,0.90121758317968,0.0039325914909764,0.864791647192549,0.906835347666354,0.028901149304082,0.937193885476758,1.05925627502628,0.901347845315465,0.0314756014090542,0.777190815702712,1.05139533746221,0.901224229795491,0.0039304295778185,3335,0.0390080247406907,0.789122831131555,1.05873986621283,0.899921473275981,0.0107558487480405,0.780000000000001
"FULLER7H",4,24012,160,0.0302316770221711,0.673749459295121,1.05949450132139,0.901264319838021,0.0035851408028392,0.864791636418181,0.906890864686834,0.029356327286403,0.928634850694475,1.05949450132139,0.901282675138271,0.0295254160490004,0.774546738457715,1.05184155209263,0.901057667545527,0.00392865240355782,23612,0.0288443627386967,0.935887646664679,1.05651343066187,0.901269313972261,0.00346231343216327,2.31
"FULLER7H",5,168072,439,0.0295474832312733,0.714052340585111,1.0595701867309,0.901007650593915,0.00377446079053824,0.864791634998923,0.906899007497054,0.0294515215185429,0.925424383765772,1.0595701867309,0.901010242812866,0.0292321627488667,0.773618984220357,1.05190581133702,0.90096556504957,0.00383459977167807,165956,0.0290402656752174,0.931848864471897,1.05670656359869,0.901001443103583,0.0037402040480089,13.32
"H3",2,5882,88,0.133563970143418,0.515575073381999,1.21530319442694,0.90459352848734,0.00344632781836178,0.864791686861609,0.906899611022695,0.131881992073233,0.651611375000532,1.21530319442694,0.904676119432805,0.13374022741334,0.518136360712209,1.20622923768532,0.904808779243088,0.00346446364399685,5736,0.130068797959063,0.651412817560655,1.20512992460379,0.904700412427146,0.00286749955035038,0.25
"H3",3,41162,218,0.133453731560084,0.507312008209882,1.21606140767511,0.904675230233493,0.00333703814047422,0.876577027974081,0.939350142995885,0.133208803362102,0.620567542826288,1.21606140767511,0.904665066951295,0.133463638576187,0.509654949418218,1.20651873880704,0.904711075289584,0.00333666044261948,40534,0.13050210683964,0.647552323416165,1.20494462069054,0.90472699779577,0.00305438992646349,1.84
"H3",4,288122,597,0.133440784694731,0.504162816821403,1.2162080648,0.90465690589553,0.00296597729495489,0.864791681810952,0.906899675658902,0.133405462113048,0.609551108986273,1.2162080648,0.904658569477353,0.133424280949265,0.506454656798918,1.20656012791786,0.904667803262756,0.00296141124606764,284649,0.130581119159694,0.647241129343456,1.20497743604252,0.904715115264423,0.00280453059187776,14.31
