"grid","resolution","cells_compared","cells_corners_differ","max_rel_area_diff_same_corners","max_ipq_diff_same_corners","max_rel_area_diff_corners_differ","max_ipq_diff_corners_differ"
"ISEA3H",2,79,0,0.000288761822028083,3.39198036081179e-06,NA,NA
"ISEA3H",3,251,0,0.000310755803097362,9.25295881037957e-06,NA,NA
"ISEA3H",4,779,0,0.000303049034821035,1.00502606519282e-05,NA,NA
"ISEA3H",5,2377,0,0.000299389254128535,4.00551641965841e-06,NA,NA
"ISEA3H",6,7203,0,0.000298030046408271,5.06004612743638e-06,NA,NA
"FULLER3H",2,81,0,0.000297594043357052,8.38209741393925e-06,NA,NA
"FULLER3H",3,252,0,0.000294558879240903,1.23785141432631e-05,NA,NA
"FULLER3H",4,780,0,0.000301707823462949,6.23630882901072e-06,NA,NA
"FULLER3H",5,2379,0,0.000299099351336318,4.12595269128069e-06,NA,NA
"FULLER3H",6,7205,0,0.000298156315270415,3.94511384838037e-06,NA,NA
"ISEA7H",2,467,0,0.000303162894814912,1.40399814176906e-05,NA,NA
"ISEA7H",3,3367,134,0.000297748716637125,4.4110488047755e-06,0.000542797755097801,0.000799539523348547
"ISEA7H",4,23847,0,0.000297850004512656,5.14611979141044e-06,NA,NA
"ISEA7H",5,167634,975,0.00029787356461175,5.33531229696127e-06,0.00063271612581639,0.00106636593579357
"FULLER7H",2,467,0,0.000303975537889523,4.88939114784426e-06,NA,NA
"FULLER7H",3,3366,135,0.000298689157172238,3.84623826577002e-06,0.167818463492509,0.0916904322350656
"FULLER7H",4,23851,0,0.000297954174798387,4.08999925505249e-06,NA,NA
"FULLER7H",5,167633,975,0.000297874760331163,4.34997284248784e-06,0.167057944533513,0.0978174506632221
"H3",2,5794,0,0.000297928291139171,4.05639133882474e-06,NA,NA
"H3",3,40944,0,0.00029786723855918,4.04767877926204e-06,NA,NA
"H3",4,287525,0,0.000297875444589812,4.48300947442082e-06,NA,NA
