"polyhedron","quantity","per","max","mean","max_at_arc_deg","max_at_az_deg","max_at_tx","max_at_ty","n_points"
"icosahedron","swing |SL|","face edge chord",0.197921551270405,0.0552100726034093,37.3773681406497,240,0,3.22580906490262e-16,20301
"icosahedron","nudge |LN|","nudged triangle edge",0.0930192554490943,0.0301132135132484,37.3773681406497,0,0.5,0.866025403784439,20301
"icosahedron","|LP| in the plane","plane triangle edge",0.0453424615138701,0.0128636779713144,37.3773681406497,0,0.5,0.866025403784439,20301
"icosahedron","|LP| in space","plane triangle edge",0.0871246201412941,0.0759295422702266,37.3773681406497,0,0.5,0.866025403784439,20301
"icosahedron","turn |Az' - Az|","degrees",1.90404706659308,1.19148446202934,15.9870891604806,93.1169330161821,0.73,0.268467875173176,20301
"octahedron","swing |SL|","face edge chord",0.307589219382635,0.0973879158776045,54.7356103172454,120,1,-4.08036157676408e-16,20301
"octahedron","nudge |LN|","nudged triangle edge",0.202006102319462,0.0698191258852631,54.7356103172454,120,1,-4.08036157676408e-16,20301
"octahedron","|LP| in the plane","plane triangle edge",0.0946298436449831,0.0280531775442789,54.7356103172454,120,1,-4.08036157676408e-16,20301
"octahedron","|LP| in space","plane triangle edge",0.15031481175633,0.121202009844661,54.7356103172454,120,1,-4.08036157676408e-16,20301
"octahedron","turn |Az' - Az|","degrees",4.30405902291898,2.71281505023181,12.0924030697102,91.6884911232733,0.61,0.27712812921102,20301
