"level","points","labels_agree","share_agree","centre_m_median","centre_m_max","wgs84_labels_agree","wgs84_centre_m_median","wgs84_centre_m_max","cell_km","projection_gap_max"
0,20000,20000,1,3.06069645519608e-09,6.34653080092843e-09,20000,3.55539763950597e-09,6.34676274198297e-09,6519.62180475274,2.02882863381632e-15
1,20000,20000,1,2.55486023589916e-09,5.95135650602266e-09,20000,2.75504342560421e-09,6.4353336374695e-09,2173.20726825091,2.02882863381632e-15
2,20000,20000,1,3.35787554842231e-09,1.11884059459374e-08,20000,3.42888836318954e-09,1.10288683693754e-08,724.402422750304,2.02882863381632e-15
3,20000,20000,1,3.3487848934815e-09,1.60552913182714e-08,20000,3.38038162515824e-09,1.52845353703741e-08,241.467474250102,2.02882863381632e-15
4,20000,20000,1,3.87936633391341e-09,1.72135038538689e-08,20000,3.90608036810258e-09,1.69200454584898e-08,80.4891580833672,2.02882863381632e-15
5,20000,20000,1,4.83332161819874e-09,2.05140172415581e-08,20000,4.87293055255472e-09,2.04233041428691e-08,26.8297193611224,2.02882863381632e-15
6,20000,20000,1,6.1872740082291e-09,2.0628093442789e-08,20000,6.21297401950804e-09,2.03487861180324e-08,8.9432397870408,2.02882863381632e-15
7,20000,20000,1,5.21160133588004e-09,1.93194818985828e-08,20000,5.3084977436969e-09,1.83725842576957e-08,2.9810799290136,2.02882863381632e-15
8,20000,20000,1,6.51393897502935e-09,2.33449841580199e-08,20000,6.59514101833138e-09,2.1103548216751e-08,0.9936933096712,2.02882863381632e-15
9,20000,20000,1,6.3067612735267e-09,2.11056368700307e-08,20000,6.32070691467728e-09,2.16795631758125e-08,0.331231103223733,2.02882863381632e-15
10,20000,20000,1,8.23681894388589e-09,2.54948573686895e-08,20000,8.2182633899836e-09,2.3544406210962e-08,0.110410367741244,2.02882863381632e-15
11,20000,20000,1,7.83207870861071e-09,2.33757563782157e-08,20000,7.9008836433466e-09,2.43505850455155e-08,0.0368034559137481,2.02882863381632e-15
12,20000,20000,1,8.29736366056056e-09,2.54461527127397e-08,20000,8.35801218720869e-09,2.37449835191815e-08,0.012267818637916,2.02882863381632e-15
13,20000,20000,1,9.58761109692913e-09,2.76949986289374e-08,20000,9.56271265096982e-09,2.72768801974005e-08,0.00408927287930535,2.02882863381632e-15
14,20000,20000,1,1.10816331238802e-08,2.97251063247381e-08,20000,1.10769271793001e-08,2.78841246827527e-08,0.00136309095976845,2.02882863381632e-15
15,20000,20000,1,9.69772357623959e-09,2.78362711293656e-08,20000,9.70987428379181e-09,2.7868351567742e-08,0.00045436365325615,2.02882863381632e-15
16,20000,20000,1,1.0679144275569e-08,2.83961952974624e-08,20000,1.06795426832522e-08,2.83337807295486e-08,0.000151454551085383,2.02882863381632e-15
17,20000,20000,1,1.09220999060541e-08,2.96815833118094e-08,20000,1.09604413581901e-08,2.9061001269177e-08,5.04848503617944e-05,2.02882863381632e-15
18,20000,20000,1,1.29684359069329e-08,3.21020534070035e-08,20000,1.30281783084929e-08,3.24802939898045e-08,1.68282834539315e-05,2.02882863381632e-15
