"grid","resolution","cells","cells_split","parents_per_cell","max_share_dev","median_share_dev","min_split_share","uniform_area_rule_max_rel","uniform_centre_rule_max_rel","measure_seconds"
"ISEA3H",3,272,180,"1:92 3:180",2.95267277294897e-09,2.28026042492502e-10,0.333333330380661,2.22044604925031e-16,0.666666666666667,21.5156240463257
"ISEA3H",5,2432,1620,"1:812 3:1620",5.11840165806632e-08,1.0641241721121e-08,0.333333282149317,2.22044604925031e-16,0.666666666666667,64.7433569431305
"ISEA4H",2,162,120,"1:42 2:120",2.31408042727921e-09,1.15682285972696e-09,0.49999999768592,2.22044604925031e-16,0.75,9.23106694221497
"ISEA4H",4,2562,1920,"1:642 2:1920",2.14113023819795e-05,1.73810337233959e-08,0.499978588697618,2.22044604925031e-16,0.75,55.9233410358429
"ISEA7H",2,492,420,"1:72 2:420",1.20749467508174e-08,1.47490540614026e-09,0.0833333326899362,2.22044604925031e-16,1.11022302462516e-16,18.9593031406403
"ISEA7H",3,3432,2940,"1:492 2:2940",1.4766209667505e-07,1.27373978586753e-08,0.0833331856712367,2.22044604925031e-16,1.11022302462516e-16,57.224457025528
"ISEA43H",5,4322,2880,"1:1442 3:2880",1.27521209036807e-07,2.08933979284343e-08,0.333333205812124,2.22044604925031e-16,0.666666666666667,84.0142199993134
"ISEA[4,7,3,7]H",4,5882,5040,"1:842 2:5040",2.91282037846452e-05,1.7570619847973e-08,0.0833042051295488,2.22044604925031e-16,0,86.1937420368195
"IVEA7H",3,3432,2940,"1:492 2:2940",2.25561874622748e-07,8.84271912637846e-09,0.0833331077714587,2.22044604925031e-16,1.11022302462516e-16,48.177323102951
"ISEA3H octahedron",4,326,216,"1:110 3:216",6.96268009914291e-09,1.94807917019979e-09,0.333333329436173,2.22044604925031e-16,0.666666666666667,25.9379479885101
"FULLER3H",4,812,540,"1:272 3:540",0.0037527705440471,0.00133780104568751,0.329580562789286,1.30183774871284e-08,0.668838028594854,12.7712831497192
"FULLER4H",3,642,480,"1:162 2:480",0.00429236384401033,0.0031334043409309,0.49570763615599,4.27392565782725e-10,0.752645870322514,8.10095691680908
"FULLER7H",3,3432,2940,"1:492 2:2940",0.000910061871709819,0.000368705481007037,0.0825326775193123,3.58472707073787e-08,0.00012417277463328,22.7352910041809
"H3",2,5882,5040,"1:842 2:5040",NA,NA,0.0807674586493424,7.63833440942108e-14,0.00130749834395161,0.631033897399902
"H3",3,41162,35280,"1:5882 2:35280",NA,NA,0.0822559352618829,1.06081810002934e-12,0.000269360012481901,4.41725707054138
