"resolution","cells","n","us_per_cell_z7","us_per_cell_lonlat","n_agree"
2,"quad edge",240,0.752766927083334,6.67317708333334,240
2,"random points",492,0.555767276422763,3.3346036585366,492
4,"quad edge",1920,0.996907552083337,5.85937499999999,1920
4,"random points",13594,0.413785493600117,0.781594821244675,13594
6,"quad edge",10503,1.19013615157574,5.9506807578787,10503
6,"random points",19828,0.401893786564453,0.394013516239661,19828
8,"quad edge",18151,1.41176794666959,5.92253870310185,18151
8,"random points",19996,0.351632826565315,0.359446889377882,19996
10,"quad edge",19734,1.58356136617006,6.08087564609291,19734
10,"random points",20000,0.367187499999999,0.367187499999999,20000
12,"quad edge",19964,1.75315568022441,6.13604488078553,19964
12,"random points",20000,0.374999999999992,0.382812499999996,20000
14,"quad edge",19995,2.06301575393839,6.25156289072268,19995
14,"random points",20000,0.367187499999999,0.367187499999999,20000
16,"quad edge",19998,2.12521252125215,6.00060006000587,19998
16,"random points",20000,0.374999999999992,0.367187499999999,20000
18,"quad edge",20000,2.37499999999997,6.25,20000
18,"random points",20000,0.367187499999999,0.367187499999999,20000
20,"quad edge",20000,2.43750000000009,6.12500000000011,20000
20,"random points",20000,0.367187499999999,0.367187499999999,20000
5,"all",168072,0.535484792231921,0.684230567851885,168072
6,"all",1176492,0.611988861802714,0.654488088316801,1176492
